86798,http://hobbes.cs.umass.edu/~ranga/scrap/2015-04-05_86798.html,http://www.usatoday.com/story/news/nation/2014/12/04/phoenix-police-unarmed-man-killed-by-officer/19878931/
86464,http://hobbes.cs.umass.edu/~ranga/scrap/2015-04-05_86464.html,http://blogs.channel4.com/factcheck/factcheck-black-americans-killed-police/19423
86970,http://hobbes.cs.umass.edu/~ranga/scrap/2015-04-06_86970.html,http://registerguard.com/rg/news/local/32545604-75/police-looking-for-hit-and-run-driver-after-pedestrian-killed.html.csp
88085,http://hobbes.cs.umass.edu/~ranga/scrap/2015-04-06_88085.html,http://www.nashvillescene.com/pitw/archives/2014/12/15/metro-police-officer-shot-teenage-gunman-killed-after-sunday-night-shootout
88326,http://hobbes.cs.umass.edu/~ranga/scrap/2015-04-06_88326.html,http://www.nytimes.com/2014/12/16/world/asia/sydney-australia-hostages.html
94197,http://hobbes.cs.umass.edu/~ranga/scrap/2015-04-07_94197.html,http://chicago.cbslocal.com/2014/12/29/5-dead-18-wounded-in-weekend-shootings/
89428,http://hobbes.cs.umass.edu/~ranga/scrap/2015-04-07_89428.html,http://www.wtae.com/news/family-of-jonny-gammage-speaks-out-prompted-by-eric-garner-case/30301970
91627,http://hobbes.cs.umass.edu/~ranga/scrap/2015-04-07_91627.html,http://www.lasvegassun.com/news/2014/dec/23/man-told-police-just-kill-me-being-shot/
103060,http://hobbes.cs.umass.edu/~ranga/scrap/2015-04-09_103060.html,http://www.worldbulletin.net/news/153759/at-least-27-philippines-police-die-in-clash-with-rebels
96197,http://hobbes.cs.umass.edu/~ranga/scrap/2015-04-09_96197.html,http://edsource.org/2015/ferguson-protests-cast-long-shadow-over-berkeley/72222
103855,http://hobbes.cs.umass.edu/~ranga/scrap/2015-04-09_103855.html,http://thinkprogress.org/justice/2015/01/26/3615595/two-denver-police-officers-fatally-shoot-teenage-girl/
115298,http://hobbes.cs.umass.edu/~ranga/scrap/2015-04-10_115298.html,http://abcnews.go.com/International/wireStory/turkish-police-chief-detained-journalists-killing-29238542
128436,http://hobbes.cs.umass.edu/~ranga/scrap/2015-04-10_128436.html,http://www.kcra.com/news/police-man-woman-killed-in-shooting-at-fresno-medical-office/32113704
110698,http://hobbes.cs.umass.edu/~ranga/scrap/2015-04-10_110698.html,http://www.heraldsun.com.au/news/law-order/police-seek-man-after-woman-filmed-in-toilet-at-fitzroy-bar/story-fni0fee2-1227220198008
130824,http://hobbes.cs.umass.edu/~ranga/scrap/2015-04-16_130824.html,http://barrie.ctvnews.ca/man-dies-after-vaughan-industrial-incident-police-1.2326562
130964,http://hobbes.cs.umass.edu/~ranga/scrap/2015-04-16_130964.html,http://www.krdo.com/news/police-woman-found-dead-suspect-killed-in-shootout-with-officers/32377546
130645,http://hobbes.cs.umass.edu/~ranga/scrap/2015-04-16_130645.html,http://www.newson6.com/story/28787387/sand-springs-police-to-release-video-in-deadly-officer-involved-shooting
131256,http://hobbes.cs.umass.edu/~ranga/scrap/2015-04-17_131256.html,http://www.belfasttelegraph.co.uk/news/northern-ireland/deaf-mans-body-found-in-co-down-flat-three-weeks-after-dying-31149691.html
131266,http://hobbes.cs.umass.edu/~ranga/scrap/2015-04-17_131266.html,http://www.irishtimes.com/news/crime-and-law/karen-buckley-death-police-examine-knife-found-in-canal-1.2179461
131298,http://hobbes.cs.umass.edu/~ranga/scrap/2015-04-17_131298.html,http://6abc.com/news/video-man-burned-trying-to-kill-bedbugs-in-car/663615/
1970,http://hobbes.cs.umass.edu/~ranga/scrap/2015-04-23_1970.html,http://www.nola.com/crime/index.ssf/2014/02/family_of_man_slain_by_nopd_of.html
363,http://hobbes.cs.umass.edu/~ranga/scrap/2015-04-23_363.html,http://www.alaskadispatch.com/article/20130625/two-cousins-western-alaska-shot-dead-same-neighborhood-police
3492,http://hobbes.cs.umass.edu/~ranga/scrap/2015-04-23_3492.html,http://www.rootsweb.ancestry.com/~txccarro/People/F/Flores_Luis_Stephen.htm
135241,http://hobbes.cs.umass.edu/~ranga/scrap/2015-05-25_135241.html,http://www.stltoday.com/news/local/crime-and-courts/husband-kills-wife-s-housemate-then-himself-in-jefferson-county/article_19255dcd-1fdc-5ef4-a357-ea124ddadd95.html
134743,http://hobbes.cs.umass.edu/~ranga/scrap/2015-05-25_134743.html,http://www.newyorker.com/news/news-desk/vladimir-putin-victory-day-not-my-grandmother
133343,http://hobbes.cs.umass.edu/~ranga/scrap/2015-05-25_133343.html,http://www.11alive.com/story/news/local/lawrenceville/2015/05/01/police-adopted-dad-killed-3-year-old-son/26694959/
135822,http://hobbes.cs.umass.edu/~ranga/scrap/2015-05-26_135822.html,http://www.ksla.com/story/29151026/police-man-dies-during-shooting-at-jonesboro-home
135731,http://hobbes.cs.umass.edu/~ranga/scrap/2015-05-26_135731.html,http://www.tennessean.com/story/news/crime/2015/05/26/one-dead-trace-adkins-concert-east-tn/27968059/
135700,http://hobbes.cs.umass.edu/~ranga/scrap/2015-05-26_135700.html,http://abcnews.go.com/International/wireStory/egypt-investigates-police-killing-student-31305814
136026,http://hobbes.cs.umass.edu/~ranga/scrap/2015-05-27_136026.html,http://www.therepublic.com/view/story/9d67a1e33e4c45dfbe845680085fb8c9/AS--China-Rest-Home-Fire
135962,http://hobbes.cs.umass.edu/~ranga/scrap/2015-05-27_135962.html,http://www.tennessean.com/story/news/crime/2015/05/27/teen-15-killed-in-tuesday-night-shooting/28010619/
135928,http://hobbes.cs.umass.edu/~ranga/scrap/2015-05-27_135928.html,http://newjersey.news12.com/news/police-shoot-kill-armed-man-holding-17-month-old-hostage-in-north-middletown-1.10478291
136224,http://hobbes.cs.umass.edu/~ranga/scrap/2015-05-28_136224.html,http://www.winknews.com/2015/05/28/suit-filed-in-ferguson-police-killing-moves-to-federal-court/
136135,http://hobbes.cs.umass.edu/~ranga/scrap/2015-05-28_136135.html,http://pix11.com/2015/05/28/driver-of-stolen-car-fatally-hits-bicycle-rider-in-manhattan-cops/
136182,http://hobbes.cs.umass.edu/~ranga/scrap/2015-05-28_136182.html,http://kfor.com/2015/05/28/oklahoma-city-man-dies-after-police-chase/
136257,http://hobbes.cs.umass.edu/~ranga/scrap/2015-05-29_136257.html,http://www.kentucky.com/2015/05/29/3874437/prosecutor-to-review-report-on.html
136258,http://hobbes.cs.umass.edu/~ranga/scrap/2015-05-29_136258.html,http://detroit.cbslocal.com/2015/05/29/senior-citizen-killed-in-clinton-township-crash-police-search-for-witnesses/
136281,http://hobbes.cs.umass.edu/~ranga/scrap/2015-05-29_136281.html,http://www.dailypress.net/page/content.detail/id/857642/Police-kill-man-attacking-officers-with-lawnmower-blade.html?isap=1&nav=5046
136429,http://hobbes.cs.umass.edu/~ranga/scrap/2015-05-30_136429.html,http://www.tallahassee.com/story/news/2015/05/30/family-of-teen-killed-by-police-files-federal-suit/28206747/
136470,http://hobbes.cs.umass.edu/~ranga/scrap/2015-05-30_136470.html,http://www.pressherald.com/2015/05/30/press-herald-three-staffers-win-regional-emmys/
136436,http://hobbes.cs.umass.edu/~ranga/scrap/2015-05-30_136436.html,http://www.9news.com.au/national/2015/05/31/04/29/man-dead-after-police-pursuit-in-melbourne
136557,http://hobbes.cs.umass.edu/~ranga/scrap/2015-05-31_136557.html,http://www.democratandchronicle.com/story/news/2015/05/31/police-holding-press-briefing-tremont-st-incident/28263079/
136541,http://hobbes.cs.umass.edu/~ranga/scrap/2015-05-31_136541.html,http://www.abc-7.com/story/29200000/son-kills-mom-in-argument-over-grades
136545,http://hobbes.cs.umass.edu/~ranga/scrap/2015-05-31_136545.html,http://www.mirror.co.uk/news/uk-news/police-launch-investigation-after-mystery-5798206
136715,http://hobbes.cs.umass.edu/~ranga/scrap/2015-06-01_136715.html,http://www.newhavenindependent.org/index.php/archives/entry/wheres_my_baby/
136760,http://hobbes.cs.umass.edu/~ranga/scrap/2015-06-01_136760.html,http://www.news4jax.com/news/police-still-searching-for-killer-who-shot-into-house/33334552
136612,http://hobbes.cs.umass.edu/~ranga/scrap/2015-06-01_136612.html,http://citizensvoice.com/news/hazleton-honors-city-s-first-police-psychologist-1.1891240
136813,http://hobbes.cs.umass.edu/~ranga/scrap/2015-06-02_136813.html,http://www.local12.com/news/features/top-stories/stories/High-court-throws-out-conviction-for-Facebook-threats-143440.shtml
136986,http://hobbes.cs.umass.edu/~ranga/scrap/2015-06-02_136986.html,http://wunc.org/post/iceland-grieves-after-police-kill-man-first-time-its-history
136846,http://hobbes.cs.umass.edu/~ranga/scrap/2015-06-02_136846.html,http://www.globalresearch.ca/police-killings-and-state-repression-continue-after-ferguson-and-baltimore/5452977
137128,http://hobbes.cs.umass.edu/~ranga/scrap/2015-06-03_137128.html,http://triblive.com/news/adminpage/8495770-74/tree-accident-freiwald
137049,http://hobbes.cs.umass.edu/~ranga/scrap/2015-06-03_137049.html,http://hamptonroads.com/2015/06/police-release-name-man-killed-norfolk
137017,http://hobbes.cs.umass.edu/~ranga/scrap/2015-06-03_137017.html,http://www.theguardian.com/commentisfree/2015/jun/03/us-government-could-count-killed-by-police-chosen-not-to
137173,http://hobbes.cs.umass.edu/~ranga/scrap/2015-06-04_137173.html,http://www.thenorthwestern.com/story/news/local/2015/06/03/sonex-aircraft-ceo-mechanic-die/28406575/
137179,http://hobbes.cs.umass.edu/~ranga/scrap/2015-06-04_137179.html,http://www.postandcourier.com/article/20150604/PC1002/150609717/1022/us-needs-database-for-police-shootings
137236,http://hobbes.cs.umass.edu/~ranga/scrap/2015-06-04_137236.html,http://www.ndtv.com/india-news/sikh-protesters-clash-with-police-in-jammu-one-killed-768773
137432,http://hobbes.cs.umass.edu/~ranga/scrap/2015-06-05_137432.html,http://www.dailytelegraph.com.au/news/breaking-news/teen-dies-after-failing-to-stop-for-police/story-fni0xqi3-1227385729110
137380,http://hobbes.cs.umass.edu/~ranga/scrap/2015-06-05_137380.html,http://www.winknews.com/2015/06/05/friend-of-boston-marathon-bomber-gets-3-12-years-in-prison/
137358,http://hobbes.cs.umass.edu/~ranga/scrap/2015-06-05_137358.html,http://www.inquisitr.com/2145005/man-who-put-cat-in-dogs-cage-to-be-attacked-and-die-receives-jail-time/
137537,http://hobbes.cs.umass.edu/~ranga/scrap/2015-06-06_137537.html,http://www.mirror.co.uk/news/uk-news/sister-dale-cregan-reveals-police-5837483
137467,http://hobbes.cs.umass.edu/~ranga/scrap/2015-06-06_137467.html,http://www.thestatesman.com/news/world/4-killed-in-attack-on-pakistani-police-vehicle/67710.html
137526,http://hobbes.cs.umass.edu/~ranga/scrap/2015-06-06_137526.html,http://www.nytimes.com/2015/06/07/us/los-angeles-chief-finds-killing-by-police-was-lawful.html
137648,http://hobbes.cs.umass.edu/~ranga/scrap/2015-06-07_137648.html,http://www.abc.net.au/news/2015-06-08/two-people-die-at-property-north-of-sydney/6528930
137663,http://hobbes.cs.umass.edu/~ranga/scrap/2015-06-07_137663.html,http://denver.cbslocal.com/2015/06/07/police-say-driver-who-hit-killed-cyclist-in-fort-collins-may-have-fallen-asleep/
137618,http://hobbes.cs.umass.edu/~ranga/scrap/2015-06-07_137618.html,http://www.kirotv.com/news/news/police-newspaper-delivery-man-accidentally-backs-o/nmXw4/
137852,http://hobbes.cs.umass.edu/~ranga/scrap/2015-06-08_137852.html,http://www.mercurynews.com/crime-courts/ci_28276829/family-grieves-man-shot-and-killed-by-oakland
137882,http://hobbes.cs.umass.edu/~ranga/scrap/2015-06-08_137882.html,http://abcnews.go.com/International/wireStory/indian-police-kill-12-maoist-rebels-eastern-stronghold-31626508
137862,http://hobbes.cs.umass.edu/~ranga/scrap/2015-06-08_137862.html,http://www.lcsun-news.com/ci_28277114/journalists-killed-2014-remembered-by-newseum
137916,http://hobbes.cs.umass.edu/~ranga/scrap/2015-06-09_137916.html,http://abcnews.go.com/US/wireStory/family-video-raises-questions-police-killing-31628678
137926,http://hobbes.cs.umass.edu/~ranga/scrap/2015-06-09_137926.html,http://www.wsbtv.com/news/news/national/police-wrong-way-driver-on-ga-400-wanted-to-kill-h/nmYbC/?icmp=cmgcontent_internallink_relatedcontent_2014_partners5
137930,http://hobbes.cs.umass.edu/~ranga/scrap/2015-06-09_137930.html,http://www.sprucegroveexaminer.com/2015/06/08/cop-reportedly-shot-in-west-edmonton
138091,http://hobbes.cs.umass.edu/~ranga/scrap/2015-06-10_138091.html,https://patch.com/maryland/uppermarlboro/man-dies-after-falling-side-moving-suv-police
138200,http://hobbes.cs.umass.edu/~ranga/scrap/2015-06-10_138200.html,http://www.todayszaman.com/world_indian-police-kill-12-maoist-rebels-in-countrys-troubled-east_384043.html
138217,http://hobbes.cs.umass.edu/~ranga/scrap/2015-06-10_138217.html,http://www.kolotv.com/news/southernnevadanews/headlines/Report-Aired-in-Police-Killing-of-Armed-Man-306822071.html
138461,http://hobbes.cs.umass.edu/~ranga/scrap/2015-06-11_138461.html,http://www.huffingtonpost.com/2015/06/11/ryan-bolinger-des-moines-police_n_7560874.html
138512,http://hobbes.cs.umass.edu/~ranga/scrap/2015-06-11_138512.html,http://www.thevermontstandard.com/2015/06/police-murder-suspect-dead/
138515,http://hobbes.cs.umass.edu/~ranga/scrap/2015-06-11_138515.html,http://www.wftv.com/news/news/local/police-search-gunman-who-shot-killed-teenager/nmbWy/
138594,http://hobbes.cs.umass.edu/~ranga/scrap/2015-06-12_138594.html,http://www.stltoday.com/news/national/die-in-shooting-at-phoenix-park-as-groups-open-fire/article_d9ba110c-4d78-59bd-acef-c128b586179e.html
138545,http://hobbes.cs.umass.edu/~ranga/scrap/2015-06-12_138545.html,http://www.njherald.com/story/29303252/authorities-police-shoot-kill-knife-wielding-man-22
138548,http://hobbes.cs.umass.edu/~ranga/scrap/2015-06-12_138548.html,http://www.news-sentinel.com/apps/pbcs.dll/article?AID=/20150611/AP01/306119953
138712,http://hobbes.cs.umass.edu/~ranga/scrap/2015-06-13_138712.html,http://www.wsws.org/en/articles/2015/06/13/poli-j13.html
138837,http://hobbes.cs.umass.edu/~ranga/scrap/2015-06-13_138837.html,http://www.adn.com/article/20150613/los-angeles-confronts-spike-homelessness
138812,http://hobbes.cs.umass.edu/~ranga/scrap/2015-06-13_138812.html,http://national.bgnnews.com/father-of-diyarbakir-bomb-suspect-police-knew-isil-ties-4th-victim-dies-haberi/6809
138880,http://hobbes.cs.umass.edu/~ranga/scrap/2015-06-14_138880.html,http://patch.com/connecticut/guilford/3-guilford-residents-died-overdose-deaths-2014-report-0
138936,http://hobbes.cs.umass.edu/~ranga/scrap/2015-06-14_138936.html,http://gawker.com/police-off-duty-corrections-officer-shoots-and-kills-r-1711222534
138935,http://hobbes.cs.umass.edu/~ranga/scrap/2015-06-14_138935.html,http://www.nj.com/union/index.ssf/2015/06/bear_shot_killed_by_plainfield_police_in_residents.html
139121,http://hobbes.cs.umass.edu/~ranga/scrap/2015-06-15_139121.html,https://commonspace.scot/articles/1610/msp-police-did-not-follow-correct-procedures-in-sheku-bayoh-case
139163,http://hobbes.cs.umass.edu/~ranga/scrap/2015-06-15_139163.html,http://www.kcra.com/news/local-news/news-sierra/officers-police-shoot-kill-man-at-tahoe-hacienda-inn/33590860
139177,http://hobbes.cs.umass.edu/~ranga/scrap/2015-06-15_139177.html,http://www.kcrg.com/subject/news/dubuque-police-kill-around-15-animals-each-year-officials-say-20150615
139343,http://hobbes.cs.umass.edu/~ranga/scrap/2015-06-16_139343.html,http://www.pressofatlanticcity.com/news/woman-shot-by-off-duty-police-officer-in-asbury-park/article_662646a6-1463-11e5-a72d-6fcab17c9502.html
139242,http://hobbes.cs.umass.edu/~ranga/scrap/2015-06-16_139242.html,http://www.southwales-eveningpost.co.uk/Cerys-Yamm-mother-calls-demolition-hostel/story-26701436-detail/story.html
139338,http://hobbes.cs.umass.edu/~ranga/scrap/2015-06-16_139338.html,http://www.tampabay.com/news/publicsafety/accidents/police-release-name-of-man-killed-in-seven-car-crash-in-st-petersburg/2233910
139410,http://hobbes.cs.umass.edu/~ranga/scrap/2015-06-17_139410.html,http://www.dailymail.co.uk/wires/reuters/article-3127630/Chinese-police-kill-Uighur-man-station-suspected-attack.html
139467,http://hobbes.cs.umass.edu/~ranga/scrap/2015-06-17_139467.html,http://www.washingtontimes.com/news/2015/jun/17/police-say-oregon-man-killed-couple-while-burglari/
139429,http://hobbes.cs.umass.edu/~ranga/scrap/2015-06-17_139429.html,http://www.palmbeachpost.com/news/news/state-regional/police-florida-man-dies-after-tripping-and-acting-/nmdzP/
139676,http://hobbes.cs.umass.edu/~ranga/scrap/2015-06-18_139676.html,http://foxct.com/2015/06/18/police-shoot-kill-man-who-stabbed-officer-on-brooklyn-subway-platform-sources/
139689,http://hobbes.cs.umass.edu/~ranga/scrap/2015-06-18_139689.html,http://nymag.com/scienceofus/2015/06/i-fact-checked-alice-goffman-with-her-subjects.html
139600,http://hobbes.cs.umass.edu/~ranga/scrap/2015-06-18_139600.html,http://www.dailymail.co.uk/news/article-3127854/Escaped-lion-flooded-Georgia-zoo-KILLS-man-police-continue-try-round-missing-animals.html?ITO=1490&ns_mchannel=rss&ns_campaign=1490
139899,http://hobbes.cs.umass.edu/~ranga/scrap/2015-06-19_139899.html,http://tbo.com/ap/chief-man-killed-officer-so-he-would-be-killed-by-police-20150619/
139844,http://hobbes.cs.umass.edu/~ranga/scrap/2015-06-19_139844.html,http://www.wcvb.com/news/shots-fired-on-storrow-drive-police-responding/33676652
139794,http://hobbes.cs.umass.edu/~ranga/scrap/2015-06-19_139794.html,http://missoulian.com/news/state-and-regional/montana/police-identify-woman-killed-in-fairfield-crash/article_7d5c8863-2532-5bf8-b14f-c5a903bafc9b.html
139957,http://hobbes.cs.umass.edu/~ranga/scrap/2015-06-20_139957.html,http://www.breakingnews.com/item/2015/06/19/cincinnati-police-officer-dies-after-shootout-in-m
140011,http://hobbes.cs.umass.edu/~ranga/scrap/2015-06-20_140011.html,http://www.usatoday.com/story/news/nation/2015/06/20/suspect-sought-slaying-new-orleans-police-officer/29036471/
140008,http://hobbes.cs.umass.edu/~ranga/scrap/2015-06-20_140008.html,http://ksmu.org/post/waterloo-re-enactment-history-so-real-you-can-taste-it
4612,http://hobbes.cs.umass.edu/~ranga/scrap/2015-06-21_4612.html,http://www.fox5vegas.com/story/26051921/police-man-shot-killed-by-nlv-officer-had-fake-gun
4713,http://hobbes.cs.umass.edu/~ranga/scrap/2015-06-21_4713.html,http://www.northjersey.com/news/deadly-shooting-probed-after-cops-kill-driver-they-say-tried-to-ram-them-after-chase-video-1.1088853
140138,http://hobbes.cs.umass.edu/~ranga/scrap/2015-06-21_140138.html,http://www.kashmirlife.net/police-kill-youth-in-jammu-alleges-bhim-81069/
140364,http://hobbes.cs.umass.edu/~ranga/scrap/2015-06-22_140364.html,http://chicago.cbslocal.com/2015/06/22/police-1-killed-2-injured-in-crash-near-grayslake/
140213,http://hobbes.cs.umass.edu/~ranga/scrap/2015-06-22_140213.html,http://www.slate.com/blogs/the_slatest/2015/06/20/l_a_police_shoot_critically_wound_unarmed_man_for_having_his_arm_wrapped.html
140296,http://hobbes.cs.umass.edu/~ranga/scrap/2015-06-22_140296.html,http://www.huffingtonpost.com/2015/06/22/taliban-attack-afghan-parliament_n_7633796.html
140541,http://hobbes.cs.umass.edu/~ranga/scrap/2015-06-23_140541.html,http://www.local12.com/news/features/top-stories/stories/Fallen-Officer-Coping-with-the-death-of-Sonny-Kim-153527.shtml
140546,http://hobbes.cs.umass.edu/~ranga/scrap/2015-06-23_140546.html,http://www.usatoday.com/story/news/2015/06/23/freddie-gray-baltimore-autopsy/29179697/
140443,http://hobbes.cs.umass.edu/~ranga/scrap/2015-06-23_140443.html,http://www.waow.com/story/29383864/report-economic-growth-failing-to-help-worlds-poorest-kids
5329,http://hobbes.cs.umass.edu/~ranga/scrap/2015-06-24_5329.html,http://www.pressherald.com/2010/12/29/shooting-of-outlaw-justified-ag-rules_2010-12-29/
6095,http://hobbes.cs.umass.edu/~ranga/scrap/2015-06-24_6095.html,http://digital.vpr.net/post/burlington-police-fatally-shoot-suspect
4897,http://hobbes.cs.umass.edu/~ranga/scrap/2015-06-24_4897.html,http://cityroom.blogs.nytimes.com/2012/01/26/carjacking-suspect-fatally-shot-by-police/
140788,http://hobbes.cs.umass.edu/~ranga/scrap/2015-06-25_140788.html,http://www.pennlive.com/nation-world/2015/06/75-second_police_chase_kills_2.html
140798,http://hobbes.cs.umass.edu/~ranga/scrap/2015-06-25_140798.html,http://globalnews.ca/news/2074824/police-to-identify-mother-and-two-boys-killed-in-crash-near-shelburne/
140778,http://hobbes.cs.umass.edu/~ranga/scrap/2015-06-25_140778.html,http://kfor.com/2015/06/24/police-one-dead-after-possible-home-invasion/
141041,http://hobbes.cs.umass.edu/~ranga/scrap/2015-06-26_141041.html,http://www.nbcchicago.com/news/local/timothy-herring-michael-flisk-sentencing-310164281.html
140913,http://hobbes.cs.umass.edu/~ranga/scrap/2015-06-26_140913.html,http://www.heraldsun.com.au/news/breaking-news/dog-kill-threat-in-qld-street-councillor/story-fni0xqi4-1227415791769
140947,http://hobbes.cs.umass.edu/~ranga/scrap/2015-06-26_140947.html,http://www.cnn.com/2015/06/26/europe/france-attack/
141095,http://hobbes.cs.umass.edu/~ranga/scrap/2015-06-27_141095.html,http://www.nbcchicago.com/news/local/Man-Who-Killed-Police-CHA-Officers-Execution-Style-to-Be-Sentenced-Friday-310093381.html
141150,http://hobbes.cs.umass.edu/~ranga/scrap/2015-06-27_141150.html,http://www.newzimbabwe.com/NEWS-23402-Analysis+What+itd+take+to+oust+Mugabe/NEWS.aspx
141114,http://hobbes.cs.umass.edu/~ranga/scrap/2015-06-27_141114.html,http://www.nbcwashington.com/news/local/Police-Bicyclist-Hit-Killed-by-Racing-Car-310285621.html
141308,http://hobbes.cs.umass.edu/~ranga/scrap/2015-06-28_141308.html,http://www.phillyvoice.com/france-attack-suspect-admits-killing-link-syria/
141329,http://hobbes.cs.umass.edu/~ranga/scrap/2015-06-28_141329.html,http://www.actionnewsjax.com/news/news/national/florida-woman-kills-grandchildren-daughter-self/nmnTX/
141197,http://hobbes.cs.umass.edu/~ranga/scrap/2015-06-28_141197.html,http://www.southbendtribune.com/news/local/teen-killed-by-train-in-south-bend/article_dbaf0c9e-1d0c-11e5-aebb-377a94175209.html
141439,http://hobbes.cs.umass.edu/~ranga/scrap/2015-06-29_141439.html,http://www.kptv.com/story/29430248/police-shoot-kill-man-in-ne-portland-winco-parking-lot
141476,http://hobbes.cs.umass.edu/~ranga/scrap/2015-06-29_141476.html,http://www.nbcdfw.com/news/local/Brothers-Pulled-From-Irving-Pool-Died-310733291.html
141492,http://hobbes.cs.umass.edu/~ranga/scrap/2015-06-29_141492.html,http://dailypost.ng/2015/06/29/police-kill-cultist-arrest-others-after-gun-duel-in-imo/
141593,http://hobbes.cs.umass.edu/~ranga/scrap/2015-06-30_141593.html,http://www.enca.com/africa/suicide-blast-chad-capital-kills-11-during-police-raid
141646,http://hobbes.cs.umass.edu/~ranga/scrap/2015-06-30_141646.html,http://www.kshb.com/news/local-news/motorcyclist-killed-in-kc-wreck
141662,http://hobbes.cs.umass.edu/~ranga/scrap/2015-06-30_141662.html,http://www.journal-news.com/news/news/crime-law/woman-charged-in-west-chester-crash-that-killed-ut/nmpbp/
141713,http://hobbes.cs.umass.edu/~ranga/scrap/2015-07-01_141713.html,http://www.mlive.com/news/grand-rapids/index.ssf/2015/06/police_release_name_of_man_kil.html
141740,http://hobbes.cs.umass.edu/~ranga/scrap/2015-07-01_141740.html,http://news.yahoo.com/car-bomb-kills-least-11-soldiers-egypts-sinai-081925064.html
141705,http://hobbes.cs.umass.edu/~ranga/scrap/2015-07-01_141705.html,http://www.scrippsmedia.com/newschannel5/news/12-Year-Old-Dies-In-Fireworks-Related-Accident-310621141.html
141861,http://hobbes.cs.umass.edu/~ranga/scrap/2015-07-02_141861.html,http://www.nbcnews.com/news/us-news/files-released-probe-fatal-police-shooting-antonio-zambrano-montes-pasco-n385431
139396,http://hobbes.cs.umass.edu/~ranga/scrap/2015-07-02_139396.html,http://www.nbcdfw.com/news/local/Authorities-Search-for-Missing-Boater-at-Weatherford-Lake-311416471.html
141902,http://hobbes.cs.umass.edu/~ranga/scrap/2015-07-02_141902.html,http://fox2now.com/2015/07/02/st-louis-police-id-man-shot-killed-during-attack-on-woman/
6717,http://hobbes.cs.umass.edu/~ranga/scrap/2015-07-05_6717.html,http://www.turnto23.com/news/local-news/1-dead-after-kern-county-sheriffs-deputy-and-vehicle-crash-at-china-grade-loop-north-chester-ave
6718,http://hobbes.cs.umass.edu/~ranga/scrap/2015-07-15_6718.html,http://www.latimes.com/local/lanow/la-me-ln-federal-judge-orders-release-of-videos-20150714-story.html#page=1
6719,http://hobbes.cs.umass.edu/~ranga/scrap/2015-07-15_6719.html,http://homicide.latimes.com/post/thong-kien-ma/
6720,http://hobbes.cs.umass.edu/~ranga/scrap/2015-07-16_6720.html,https://www.youtube.com/watch?v=GMg0DPLiCPI
6723,http://hobbes.cs.umass.edu/~ranga/scrap/2015-07-17_6723.html,http://www.local8now.com/home/headlines/98716709.html
6721,http://hobbes.cs.umass.edu/~ranga/scrap/2015-07-17_6721.html,http://m.ajc.com/news/news/local/douglasville-police-officer-shoots-kills-man-in-mo/nQhgm/
6722,http://hobbes.cs.umass.edu/~ranga/scrap/2015-07-17_6722.html,http://www.urindependent.com/2010/05/update-from-da-on-eagle-point-shooting/
6725,http://hobbes.cs.umass.edu/~ranga/scrap/2015-07-22_6725.html,http://www.nbcconnecticut.com/news/local/Police-Respond-to-Report-of-Barricaded-Suspect-in-New-Britain-222107071.html
6726,http://hobbes.cs.umass.edu/~ranga/scrap/2015-07-26_6726.html,http://www.cnn.com/2014/04/14/us/kansas-shooting-suspect-profile/
6727,http://hobbes.cs.umass.edu/~ranga/scrap/2015-07-27_6727.html,http://www.brooklynpaper.com/stories/33/15/33_15_tt_greewnood_shooting.html
6718,http://hobbes.cs.umass.edu/~ranga/scrap/2015-07-15_6718.html,http://www.latimes.com/local/lanow/la-me-ln-federal-judge-orders-release-of-videos-20150714-story.html#page=1
6719,http://hobbes.cs.umass.edu/~ranga/scrap/2015-07-15_6719.html,http://homicide.latimes.com/post/thong-kien-ma/
6720,http://hobbes.cs.umass.edu/~ranga/scrap/2015-07-16_6720.html,https://www.youtube.com/watch?v=GMg0DPLiCPI
6723,http://hobbes.cs.umass.edu/~ranga/scrap/2015-07-17_6723.html,http://www.local8now.com/home/headlines/98716709.html
6721,http://hobbes.cs.umass.edu/~ranga/scrap/2015-07-17_6721.html,http://m.ajc.com/news/news/local/douglasville-police-officer-shoots-kills-man-in-mo/nQhgm/
6722,http://hobbes.cs.umass.edu/~ranga/scrap/2015-07-17_6722.html,http://www.urindependent.com/2010/05/update-from-da-on-eagle-point-shooting/
6725,http://hobbes.cs.umass.edu/~ranga/scrap/2015-07-22_6725.html,http://www.nbcconnecticut.com/news/local/Police-Respond-to-Report-of-Barricaded-Suspect-in-New-Britain-222107071.html
6726,http://hobbes.cs.umass.edu/~ranga/scrap/2015-07-26_6726.html,http://www.cnn.com/2014/04/14/us/kansas-shooting-suspect-profile/
6727,http://hobbes.cs.umass.edu/~ranga/scrap/2015-07-27_6727.html,http://www.brooklynpaper.com/stories/33/15/33_15_tt_greewnood_shooting.html
18829,http://hobbes.cs.umass.edu/~ranga/scrap/2015-07-31_18829.html,http://www.seattlepi.com/local/article/Defense-Let-Seattle-cop-s-killer-die-on-God-s-6331476.php
9700,http://hobbes.cs.umass.edu/~ranga/scrap/2015-07-31_9700.html,http://www.jsonline.com/news/crime/milwaukee-officer-cleared-in-killing-of-suspect-b99529842z1-311055641.html
11610,http://hobbes.cs.umass.edu/~ranga/scrap/2015-07-31_11610.html,http://www.theoaklandpress.com/general-news/20150629/detectives-looking-for-four-suspects-after-woman-shot-in-pontiac
36492,http://hobbes.cs.umass.edu/~ranga/scrap/2015-08-01_36492.html,http://www.cnn.com/2015/07/09/us/new-york-special-prosecutor/
20074,http://hobbes.cs.umass.edu/~ranga/scrap/2015-08-01_20074.html,http://www.wesh.com/news/police-woman-shot-herself-in-stomach-killing-unborn-baby/33630284
43659,http://hobbes.cs.umass.edu/~ranga/scrap/2015-08-01_43659.html,http://stlouis.cbslocal.com/2015/07/11/two-in-custody-after-northside-homicide/
63584,http://hobbes.cs.umass.edu/~ranga/scrap/2015-08-13_63584.html,http://kdvr.com/2015/07/13/witnesses-surveillance-video-provide-conflicting-information-in-deadly-police-shooting/
52181,http://hobbes.cs.umass.edu/~ranga/scrap/2015-08-13_52181.html,http://www.nbclosangeles.com/news/local/Vigil-for-Grandfather-Shot-and-Killed-by-Deputies-314430691.html
63799,http://hobbes.cs.umass.edu/~ranga/scrap/2015-08-13_63799.html,http://www.chicoer.com/general-news/20150713/yuba-county-deputies-shoot-and-kill-man
79042,http://hobbes.cs.umass.edu/~ranga/scrap/2015-08-14_79042.html,http://www.dailyjournal.net/view/story/ec783b4fcd184cccbee2f0a83aa879cf/MI--Trooper-Fatal-Shooting
84414,http://hobbes.cs.umass.edu/~ranga/scrap/2015-08-14_84414.html,http://www.vox.com/2015/7/16/8978183/sandra-bland-death-investigation
70697,http://hobbes.cs.umass.edu/~ranga/scrap/2015-08-14_70697.html,http://indianexpress.com/article/india/india-others/the-villagers-said-my-mother-was-a-witch-nobody-listened-to-us/
151094,http://hobbes.cs.umass.edu/~ranga/scrap/2015-08-20_151094.html,http://fox43.com/2015/07/25/coroner-called-to-straban-township-crash/
160725,http://hobbes.cs.umass.edu/~ranga/scrap/2015-08-20_160725.html,http://nypost.com/2015/08/06/bounty-hunter-arrested-after-mistakenly-trying-to-raid-police-chiefs-home/
144487,http://hobbes.cs.umass.edu/~ranga/scrap/2015-08-20_144487.html,http://abcnews.go.com/US/video/san-francisco-suspect-cites-sleeping-pills-deadly-shooting-32251651
194813,http://hobbes.cs.umass.edu/~ranga/scrap/2015-08-21_194813.html,http://www.dailynews.com/general-news/20150123/these-detectives-have-one-job-catching-murderers
187919,http://hobbes.cs.umass.edu/~ranga/scrap/2015-08-21_187919.html,http://www.chicoer.com/general-news/20150817/san-jose-police-officers-shoot-man-who-reached-for-handgun/1
201209,http://hobbes.cs.umass.edu/~ranga/scrap/2015-08-21_201209.html,http://www.foxcarolina.com/story/29686203/deputies-coroner-investigating-2-deaths-in-spartanburg-co
207929,http://hobbes.cs.umass.edu/~ranga/scrap/2015-09-04_207929.html,http://abc11.com/news/one-dead-after-rushing-police-in-wake-forest-standoff/951942/
216979,http://hobbes.cs.umass.edu/~ranga/scrap/2015-09-04_216979.html,http://bc.ctvnews.ca/convicted-wife-killer-admits-to-murder-of-2nd-woman-9-years-ago-1.2533226
221799,http://hobbes.cs.umass.edu/~ranga/scrap/2015-09-04_221799.html,http://insidepulse.com/2015/09/03/tuesday-raw-roundtable-sting-dudleys-seth-rollins-clashes-with-stephanie-divas-beat-the-clock/
241361,http://hobbes.cs.umass.edu/~ranga/scrap/2015-09-05_241361.html,http://www.cbc.ca/news/canada/montreal/car-crash-kills-19-year-old-man-in-beauce-region-1.3200816
244750,http://hobbes.cs.umass.edu/~ranga/scrap/2015-09-05_244750.html,https://en-maktoob.news.yahoo.com/israel-boosts-jerusalem-security-reviews-rules-engagement-194655809.html
223141,http://hobbes.cs.umass.edu/~ranga/scrap/2015-09-05_223141.html,http://lacrossetribune.com/news/state-and-regional/scott-walker-more-anti-police-rhetoric-worse-racial-tensions-under/article_55a3ceee-44b4-57fa-ad53-061fa7b39e7b.html
291336,http://hobbes.cs.umass.edu/~ranga/scrap/2015-09-06_291336.html,http://www.nbcmiami.com/news/local/Officer-Involved-Shooting-Reported-in-Homestead-315996981.html
326929,http://hobbes.cs.umass.edu/~ranga/scrap/2015-09-06_326929.html,http://www.stuff.co.nz/national/health/70497630/problem-gambling-foundation-beats-ministry-of-health-in-court
290162,http://hobbes.cs.umass.edu/~ranga/scrap/2015-09-06_290162.html,http://www.nbc-2.com/story/29680405/man-accused-of-molesting-north-fort-myers-fast-food-employee
348548,http://hobbes.cs.umass.edu/~ranga/scrap/2015-09-07_348548.html,http://www.washingtonpost.com/entertainment/the-latest-obama-calls-tv-shooting-heartbreaking/2015/08/26/cc943ed0-4c52-11e5-80c2-106ea7fb80d4_story.html
367215,http://hobbes.cs.umass.edu/~ranga/scrap/2015-09-07_367215.html,http://www.ydr.com/nation-world/ci_28692086/police-man-who-shot-trooper-told-him-he
360643,http://hobbes.cs.umass.edu/~ranga/scrap/2015-09-07_360643.html,http://www.wpbf.com/news/pbso-deputy-who-shot-unarmed-man-promoted/33899328
380108,http://hobbes.cs.umass.edu/~ranga/scrap/2015-09-08_380108.html,http://www.unionleader.com/article/20150906/NEWS03/150909463
379997,http://hobbes.cs.umass.edu/~ranga/scrap/2015-09-08_379997.html,http://lacrossetribune.com/news/local/retired-officer-thinks-he-s-found-bullet-markmade-by-slain/article_45afe6a1-5af1-534e-a76c-7b262c21de31.html
380115,http://hobbes.cs.umass.edu/~ranga/scrap/2015-09-08_380115.html,http://www.clickondetroit.com/news/offduty-lathrup-village-officer-allegedly-kills-man-in-fight-on-detroits-west-side/35149720
390091,http://hobbes.cs.umass.edu/~ranga/scrap/2015-09-09_390091.html,http://whnt.com/2015/09/09/florence-police-officers-remind-community-yourlifematters-crack-down-on-texting-driving/
385283,http://hobbes.cs.umass.edu/~ranga/scrap/2015-09-09_385283.html,http://www.usnews.com/news/sports/articles/2015/09/08/the-latest-on-us-open-vinci-reaches-first-major-semi-at-32
386334,http://hobbes.cs.umass.edu/~ranga/scrap/2015-09-09_386334.html,http://www.cnbc.com/2015/09/09/how-russian-retailers-beat-the-boycott.html
394861,http://hobbes.cs.umass.edu/~ranga/scrap/2015-09-10_394861.html,http://www.kansascity.com/news/local/crime/article34741230.html
395874,http://hobbes.cs.umass.edu/~ranga/scrap/2015-09-10_395874.html,http://www.foxnews.com/us/2015/08/07/james-holmes-gets-life-term-after-jury-fails-to-agree-on-execution/
391348,http://hobbes.cs.umass.edu/~ranga/scrap/2015-09-10_391348.html,http://www.npr.org/sections/health-shots/2015/09/10/436342537/how-sound-shaped-the-evolution-of-your-brain
398677,http://hobbes.cs.umass.edu/~ranga/scrap/2015-09-11_398677.html,http://www.wcti12.com/news/national-news/driver-allegedly-shoots-trooper/34878866
401377,http://hobbes.cs.umass.edu/~ranga/scrap/2015-09-11_401377.html,http://www.express.co.uk/sport/football/604583/Arsene-Wenger-firepower-Arsenal-one-goal-83-shots
401357,http://hobbes.cs.umass.edu/~ranga/scrap/2015-09-11_401357.html,http://patch.com/maryland/belair/deer-stuck-bel-air-pool-rescued-harford-county-sheriffs-office
402760,http://hobbes.cs.umass.edu/~ranga/scrap/2015-09-12_402760.html,http://www.wcnc.com/story/news/local/2015/09/11/breaking-3-people-shot-at-nc-music-factory/72117028/
404522,http://hobbes.cs.umass.edu/~ranga/scrap/2015-09-12_404522.html,http://www.mid-day.com/articles/delhi-police-constable-shot-at-by-air-guard/16348166
403574,http://hobbes.cs.umass.edu/~ranga/scrap/2015-09-12_403574.html,http://www.wthr.com/story/29390961/fourth-of-july-events-for-central-indiana-2015
409591,http://hobbes.cs.umass.edu/~ranga/scrap/2015-09-13_409591.html,http://www.wmur.com/news/storms-cause-widespread-power-outages-road-blocks-in-newport/34248354
408185,http://hobbes.cs.umass.edu/~ranga/scrap/2015-09-13_408185.html,http://www.wfmz.com/news/news-regional-lehighvalley/job-forecast-looks-good-for-lehigh-valley-according-to-new-study/34326256
408803,http://hobbes.cs.umass.edu/~ranga/scrap/2015-09-13_408803.html,http://www.dailyherald.com/article/20150910/sports/309109785/
411414,http://hobbes.cs.umass.edu/~ranga/scrap/2015-09-14_411414.html,http://www.foxcarolina.com/story/30019699/the-latest-on-us-open-djokovic-beats-federer-for-title
411367,http://hobbes.cs.umass.edu/~ranga/scrap/2015-09-14_411367.html,http://www.bellinghamherald.com/sports/article35159103.html
411506,http://hobbes.cs.umass.edu/~ranga/scrap/2015-09-14_411506.html,http://patch.com/california/eaglerock/man-who-shot-parole-agent-face-gets-nearly-200-years-prison
414859,http://hobbes.cs.umass.edu/~ranga/scrap/2015-09-15_414859.html,http://www.wrdw.com/home/headlines/Aiken-Co-deputies-on-scene-of-an-accident-on-the-Palmetto-Parkway-327374411.html
413490,http://hobbes.cs.umass.edu/~ranga/scrap/2015-09-15_413490.html,http://chicago.cbslocal.com/2015/09/14/mother-charged-with-murder-of-two-kids-in-kenosha/
418431,http://hobbes.cs.umass.edu/~ranga/scrap/2015-09-15_418431.html,http://pix11.com/2015/08/14/midtown-pizzeria-apologizes-for-serving-controversial-pic-a-nika-slice/
427883,http://hobbes.cs.umass.edu/~ranga/scrap/2015-09-16_427883.html,http://www.washingtontimes.com/news/2015/sep/16/leverkusen-beats-bate-borisov-4-1-in-champions-lea/
425610,http://hobbes.cs.umass.edu/~ranga/scrap/2015-09-16_425610.html,http://www.silive.com/news/index.ssf/2015/09/after_arrest_at_hospital_shoot.html
428739,http://hobbes.cs.umass.edu/~ranga/scrap/2015-09-16_428739.html,http://www.lex18.com/story/29457841/national-weather-service-confirms-ef0-tornado-in-pulaski-county
435340,http://hobbes.cs.umass.edu/~ranga/scrap/2015-09-17_435340.html,http://www.fox19.com/story/30059603/corrections-officer-said-she-was-denied-service-because-of-her-job
431336,http://hobbes.cs.umass.edu/~ranga/scrap/2015-09-17_431336.html,http://www.kxxv.com/story/30053266/roads-closing-to-reconstruct-crashes
434285,http://hobbes.cs.umass.edu/~ranga/scrap/2015-09-17_434285.html,http://www.wlky.com/news/visitation-held-for-slain-kentucky-state-trooper/35330568
440496,http://hobbes.cs.umass.edu/~ranga/scrap/2015-09-18_440496.html,http://www.nytimes.com/aponline/2015/08/27/us/ap-us-crash-four-killed.html
438822,http://hobbes.cs.umass.edu/~ranga/scrap/2015-09-18_438822.html,http://www.bollywoodlife.com/news-gossip/barc-report-kumkum-bhagya-on-top-once-again-beats-meri-aashiqui-tumse-hi-and-swaragini/
440490,http://hobbes.cs.umass.edu/~ranga/scrap/2015-09-18_440490.html,http://www.wusa9.com/story/news/local/potomac/2015/09/18/sources-parent-party-led-fatal-n-potomac-crash/72414462/
442307,http://hobbes.cs.umass.edu/~ranga/scrap/2015-09-19_442307.html,http://www.bostonherald.com/sports/college/college_football/2015/09/buckley_bc_fumbles_shot_to_earn_attention
442008,http://hobbes.cs.umass.edu/~ranga/scrap/2015-09-19_442008.html,http://www.wrex.com/story/30068013/2015/09/18/only-on-13-news-former-pow-from-rockford-shares-story-30-years-after-hijacking
442096,http://hobbes.cs.umass.edu/~ranga/scrap/2015-09-19_442096.html,http://starcasm.net/archives/329453
443586,http://hobbes.cs.umass.edu/~ranga/scrap/2015-09-24_443586.html,http://www.kctv5.com/story/15063590/daughter-of-woman-killed-by-police-reveals-panic-preceding-shooting
443223,http://hobbes.cs.umass.edu/~ranga/scrap/2015-09-24_443223.html,http://128.121.25.104:8080/awweb/awarchive?type=file&item=3436
442541,http://hobbes.cs.umass.edu/~ranga/scrap/2015-09-24_442541.html,http://theavtimes.com/2011/10/14/shooting-victims-wife-i-want-justice-for-my-husband/
445226,http://hobbes.cs.umass.edu/~ranga/scrap/2015-09-26_445226.html,http://news.yahoo.com/u-border-patrol-agent-indicted-murder-over-2012-020116988.html
460868,http://hobbes.cs.umass.edu/~ranga/scrap/2015-09-28_460868.html,http://timesofindia.indiatimes.com/city/raipur/CRPF-jawan-commits-suicide-CoBRA-jawan-injured-in-IED-blast/articleshow/49101270.cms
453907,http://hobbes.cs.umass.edu/~ranga/scrap/2015-09-28_453907.html,http://www.yourcentralvalley.com/news/72-year-old-father-accused-of-shooting-killing-son-in-fresno
446849,http://hobbes.cs.umass.edu/~ranga/scrap/2015-09-28_446849.html,http://www.nzherald.co.nz/nz/news/article.cfm?c_id=1&objectid=11520208
466902,http://hobbes.cs.umass.edu/~ranga/scrap/2015-09-29_466902.html,http://www.post-gazette.com/life/fashion/2015/07/25/Shopping-in-Ligonier-Valley-is-worth-the-drive/stories/201507180001
462640,http://hobbes.cs.umass.edu/~ranga/scrap/2015-09-29_462640.html,http://www.mlive.com/news/kalamazoo/index.ssf/2015/09/woman_hopeful_for_answers_in_b.html
462122,http://hobbes.cs.umass.edu/~ranga/scrap/2015-09-29_462122.html,http://www.readingthepictures.org/2015/04/different-portraits-of-walter-scott-and-michael-slager-side-by-side-off-the-news-web/
468747,http://hobbes.cs.umass.edu/~ranga/scrap/2015-09-30_468747.html,http://www.etonline.com/news/172981_rhobh_star_lisa_vanderpump_fights_to_end_dog_killing_festival_china/
468665,http://hobbes.cs.umass.edu/~ranga/scrap/2015-09-30_468665.html,http://www.thesudburystar.com/2015/09/30/families-ponder-verdict-in-sudbury-murder-case
469982,http://hobbes.cs.umass.edu/~ranga/scrap/2015-09-30_469982.html,http://www.wday.com/news/3850393-police-officer-fatally-shoots-male-suspect-rapid-city
476122,http://hobbes.cs.umass.edu/~ranga/scrap/2015-10-05_476122.html,http://www.cbs12.com/news/top-stories/stories/trump-carson-top-gop-candidates-new-poll-28710.shtml
473925,http://hobbes.cs.umass.edu/~ranga/scrap/2015-10-05_473925.html,http://www.foxsports.com/tennis/story/newcomer-hibino-beats-vekic-to-win-tashkent-open1-100315
483704,http://hobbes.cs.umass.edu/~ranga/scrap/2015-10-05_483704.html,http://consequenceofsound.net/2015/10/sheriff-kurt-russell-hunts-cannibals-in-trailer-for-bone-tomahawk-watch/
496328,http://hobbes.cs.umass.edu/~ranga/scrap/2015-10-06_496328.html,http://www.lohud.com/story/sports/high-school/volleyball/2015/10/02/volleyball-blind-brook-storms-back-beat-rye-neck/73245066/
502426,http://hobbes.cs.umass.edu/~ranga/scrap/2015-10-06_502426.html,http://www.wdam.com/story/30191984/woolmarket-house-fire-leads-to-fears-of-propane-gas-explosion-possible-booby-traps
504088,http://hobbes.cs.umass.edu/~ranga/scrap/2015-10-06_504088.html,http://www.kvue.com/story/news/local/hays-county/2015/10/05/teen-dies-choke-hold-sleepover/73426674/
509183,http://hobbes.cs.umass.edu/~ranga/scrap/2015-10-07_509183.html,http://www.kwtx.com/ourtown/home/headlines/Killeen--Federal-Grant-Will-Fund-13-New-Police-Officers-330972122.html
511626,http://hobbes.cs.umass.edu/~ranga/scrap/2015-10-07_511626.html,http://thehill.com/policy/defense/256158-army-agrees-to-postpone-discharge-of-green-beret
509633,http://hobbes.cs.umass.edu/~ranga/scrap/2015-10-07_509633.html,http://www.wmcactionnews5.com/story/30178313/the-latest-condition-of-one-of-shooting-victims-improves
516153,http://hobbes.cs.umass.edu/~ranga/scrap/2015-10-08_516153.html,http://www.bendbulletin.com/localstate/3580107-151/roseburg-gunman-killed-self-after-police-officers-shot
519100,http://hobbes.cs.umass.edu/~ranga/scrap/2015-10-08_519100.html,http://sowegalive.com/2015/10/08/pedestrian-killed-on-u-s-highway-84-in-decatur-county/
518702,http://hobbes.cs.umass.edu/~ranga/scrap/2015-10-08_518702.html,http://www.macombdaily.com/general-news/20151008/probe-of-fatal-crash-involving-st-clair-shores-cop-turned-over-to-prosecutor
521650,http://hobbes.cs.umass.edu/~ranga/scrap/2015-10-09_521650.html,http://www.nzherald.co.nz/nz/news/article.cfm?c_id=1&objectid=11526622
523476,http://hobbes.cs.umass.edu/~ranga/scrap/2015-10-09_523476.html,http://wivb.com/ap/mother-son-bond-over-guns-links-oregon-connecticut-slayings-2/
524870,http://hobbes.cs.umass.edu/~ranga/scrap/2015-10-09_524870.html,http://kwqc.com/2015/10/09/fort-madison-high-school-student-arrested-after-threatening-to-shoot-the-school-up/
530676,http://hobbes.cs.umass.edu/~ranga/scrap/2015-10-10_530676.html,http://www.stuff.co.nz/national/72897472/Critical-crash-survivor-Tony-Tucker-beating-survival-odds
530563,http://hobbes.cs.umass.edu/~ranga/scrap/2015-10-10_530563.html,http://www.abc.net.au/news/2015-10-11/police-suspect-man-murdered-at-lakemba/6844474
529531,http://hobbes.cs.umass.edu/~ranga/scrap/2015-10-10_529531.html,http://www.poughkeepsiejournal.com/story/opinion/valley-views/2015/10/10/corrections-officers-shift-filled-potential-peril/73535184/
533773,http://hobbes.cs.umass.edu/~ranga/scrap/2015-10-11_533773.html,https://www.tvnz.co.nz/one-news/new-zealand/photographer-spends-1000-hours-making-spectacular-timelapse-video-of-auckland-q14513
530997,http://hobbes.cs.umass.edu/~ranga/scrap/2015-10-11_530997.html,http://www.lidtime.com/suspects-in-calif-yoga-teacher-s-death-tied-to-2nd-killing-4553/
533301,http://hobbes.cs.umass.edu/~ranga/scrap/2015-10-11_533301.html,http://www.cbc.ca/news/canada/hamilton/news/niagara-regional-police-shot-1.3266762
536634,http://hobbes.cs.umass.edu/~ranga/scrap/2015-10-12_536634.html,http://www.sunstar.com.ph/zamboanga/local-news/2015/10/12/cop-turned-sayyaf-errand-boy-arrested-basilan-435399
538385,http://hobbes.cs.umass.edu/~ranga/scrap/2015-10-12_538385.html,http://www.ijreview.com/2015/10/442581-isis-kills-top-iranian-military-commander-syria/
537349,http://hobbes.cs.umass.edu/~ranga/scrap/2015-10-12_537349.html,http://www.dailycal.org/2015/10/12/american-horror-story-hotel-recap-5x01-checking/
546148,http://hobbes.cs.umass.edu/~ranga/scrap/2015-10-13_546148.html,http://rapidnewsnetwork.com/garda-and-two-civilians-reportedly-dead-in-louth-shooting/226424/
544524,http://hobbes.cs.umass.edu/~ranga/scrap/2015-10-13_544524.html,http://cityhallblog.dallasnews.com/2015/10/expect-more-traffic-delays-in-downtown-dallas-for-queen-of-the-south-filming-this-week.html/
545012,http://hobbes.cs.umass.edu/~ranga/scrap/2015-10-13_545012.html,http://www.channelstv.com/2015/10/13/mother-and-child-killed-in-festac-bank-robbery/
550508,http://hobbes.cs.umass.edu/~ranga/scrap/2015-10-14_550508.html,http://lancasteronline.com/news/local/legislation-would-keep-officers-anonymous-who-use-force-firearms/article_61225368-71ef-11e5-8fa2-2fb551e24049.html
547990,http://hobbes.cs.umass.edu/~ranga/scrap/2015-10-14_547990.html,http://www.abc22now.com/news/top-stories/stories/One-Dead-after-Shooting-in-Springfield-158515.shtml
548280,http://hobbes.cs.umass.edu/~ranga/scrap/2015-10-14_548280.html,http://www.themalaysianinsider.com/sideviews/article/arshad-ayub-a-man-of-humility-integrity-and-excellence-ramon-navaratnam
552871,http://hobbes.cs.umass.edu/~ranga/scrap/2015-10-15_552871.html,http://wsls.com/2015/10/13/bedford-county-officer-recovers-after-patrol-car-hit-by-driver/
559119,http://hobbes.cs.umass.edu/~ranga/scrap/2015-10-15_559119.html,http://wwlp.com/2015/09/03/springfield-mayoral-debate-held-without-sarno/
559621,http://hobbes.cs.umass.edu/~ranga/scrap/2015-10-15_559621.html,http://www.shropshirestar.com/entertainment/2015/10/15/murder-mystery-coming-to-shrewsburys-theatre-severn/
565387,http://hobbes.cs.umass.edu/~ranga/scrap/2015-10-16_565387.html,http://www.stltoday.com/sports/hockey/professional/blues-beat-oilers-again/article_f03458af-ea45-5919-9dea-251083a86c04.html
567922,http://hobbes.cs.umass.edu/~ranga/scrap/2015-10-16_567922.html,http://www.mercurynews.com/ci_28939812/husband-convicted-california-police-officers-killing
568840,http://hobbes.cs.umass.edu/~ranga/scrap/2015-10-16_568840.html,http://www.independent.ie/irish-news/education/mother-of-autistic-boy-chains-herself-to-department-of-education-gates-to-protest-sons-educational-needs-31614997.html
574977,http://hobbes.cs.umass.edu/~ranga/scrap/2015-10-17_574977.html,http://www.hindustantimes.com/brunch/why-prime-time-tv-is-turning-into-crime-time-tv/story-1wIS3L3MHYrwrUmuuEtrQL.html
573011,http://hobbes.cs.umass.edu/~ranga/scrap/2015-10-17_573011.html,http://www.nbcnews.com/news/us-news/boys-6-11-arrested-threatening-man-gun-cops-n446376
574553,http://hobbes.cs.umass.edu/~ranga/scrap/2015-10-17_574553.html,http://www.americanpress.com/sports/mcneese/20151017-fatal-crash
581968,http://hobbes.cs.umass.edu/~ranga/scrap/2015-10-18_581968.html,http://wkbn.com/2015/10/15/court-records-ohio-man-on-electronic-monitor-raped-teen/
582269,http://hobbes.cs.umass.edu/~ranga/scrap/2015-10-18_582269.html,http://dailytrojan.com/2015/10/18/usc-beats-notre-dame-in-credit-union-challenge/
581250,http://hobbes.cs.umass.edu/~ranga/scrap/2015-10-18_581250.html,http://abc27.com/ap/stempniaks-goal-in-ot-gives-devils-2-1-win-over-rangers/
583946,http://hobbes.cs.umass.edu/~ranga/scrap/2015-10-19_583946.html,http://www.westword.com/news/tweeting-nurses-reject-the-views-blame-the-viewers-miss-colorado-apology-7153809
582610,http://hobbes.cs.umass.edu/~ranga/scrap/2015-10-19_582610.html,http://www.newyorker.com/magazine/2015/10/26/delusions-of-candor
586553,http://hobbes.cs.umass.edu/~ranga/scrap/2015-10-19_586553.html,http://historynewsnetwork.org/article/160936
590120,http://hobbes.cs.umass.edu/~ranga/scrap/2015-10-20_590120.html,http://www.clarionledger.com/story/news/2015/09/07/child-stuck-well-lincoln-county/71854072/
595224,http://hobbes.cs.umass.edu/~ranga/scrap/2015-10-20_595224.html,http://www.wowktv.com/story/30183912/update-arrest-made-in-connection-to-shooting-at-charlestons-red-roof-inn
593891,http://hobbes.cs.umass.edu/~ranga/scrap/2015-10-20_593891.html,http://thenotebook.org/blog/159097/student-letters-ta-nehisi-coates-author-between-world-and-me
605697,http://hobbes.cs.umass.edu/~ranga/scrap/2015-10-21_605697.html,http://q13fox.com/2015/10/21/police-discover-car-they-believe-involved-in-auburn-bus-stop-drive-by-shooting-of-father-and-son/
600402,http://hobbes.cs.umass.edu/~ranga/scrap/2015-10-21_600402.html,http://www.breakingnews.com/item/2015/10/21/interior-ministry-official-says-slovenia-plans-to/
598690,http://hobbes.cs.umass.edu/~ranga/scrap/2015-10-21_598690.html,http://www.hawaiinewsnow.com/story/30312271/mohammeds-journey-a-syrians-long-quest-for-a-normal-life
613243,http://hobbes.cs.umass.edu/~ranga/scrap/2015-10-22_613243.html,http://fox5sandiego.com/2015/10/22/fatal-wrong-way-dui-case-moves-to-trial/
607143,http://hobbes.cs.umass.edu/~ranga/scrap/2015-10-22_607143.html,http://pix11.com/2015/09/01/ortiz-hits-career-no-495-red-sox-beat-yankees-4-3/
606789,http://hobbes.cs.umass.edu/~ranga/scrap/2015-10-22_606789.html,http://www.austinchronicle.com/news/2015-10-23/courthouse-opponents-kill-the-bond-and-wait/
617831,http://hobbes.cs.umass.edu/~ranga/scrap/2015-10-23_617831.html,http://www.wqow.com/story/30332314/the-latest-police-id-man-killed-in-tennessee-state-shooting
617771,http://hobbes.cs.umass.edu/~ranga/scrap/2015-10-23_617771.html,http://www.fox5vegas.com/story/30088036/webster-co-constable-arrested-again-charged-with-sex-abuse
615315,http://hobbes.cs.umass.edu/~ranga/scrap/2015-10-23_615315.html,http://www.qchron.com/editions/queenswide/man-sentenced-to-more-than-years/article_8e74e1ae-28d1-5d9b-ab67-0ec2475e16d6.html
624538,http://hobbes.cs.umass.edu/~ranga/scrap/2015-10-24_624538.html,http://helenair.com/news/national/men-arrested-in-fatal-shooting-in-burtonsville-park/article_e3d4f1ab-086b-551b-8aba-e635591530db.html
622924,http://hobbes.cs.umass.edu/~ranga/scrap/2015-10-24_622924.html,http://readingeagle.com/news/article/lancaster-county-girl-dies-after-being-run-over-by-tractor-state-police-say
622304,http://hobbes.cs.umass.edu/~ranga/scrap/2015-10-24_622304.html,http://www.foxnews.com/sports/2015/10/24/royal-repeat-kc-beats-toronto-heads-to-second-straight-world-series.html
628711,http://hobbes.cs.umass.edu/~ranga/scrap/2015-10-25_628711.html,http://www.ctpost.com/news/crime/article/NYC-mayor-pushes-bail-reforms-after-police-6586819.php
629058,http://hobbes.cs.umass.edu/~ranga/scrap/2015-10-25_629058.html,http://news.blog.ajc.com/2015/10/25/2-deputies-wounded-suspect-killed-in-pickens-county-shootout/
629540,http://hobbes.cs.umass.edu/~ranga/scrap/2015-10-25_629540.html,http://www.camera.org/index.asp?x_context=2&x_outlet=53&x_article=3132
636694,http://hobbes.cs.umass.edu/~ranga/scrap/2015-10-26_636694.html,http://www.dailysabah.com/investigations/2015/10/27/gulenist-police-chiefs-face-life-sentence-over-dink-murder
637552,http://hobbes.cs.umass.edu/~ranga/scrap/2015-10-26_637552.html,http://wbtw.com/2015/09/17/call-dialing-procedures-are-changing-for-843-area-code-region-this-saturday-september-19/
639662,http://hobbes.cs.umass.edu/~ranga/scrap/2015-10-26_639662.html,http://www.tri-cityherald.com/news/local/crime/article41513709.html
646434,http://hobbes.cs.umass.edu/~ranga/scrap/2015-10-27_646434.html,http://wane.com/2015/10/27/indiana-asks-supreme-court-for-death-in-deputys-killing/
642691,http://hobbes.cs.umass.edu/~ranga/scrap/2015-10-27_642691.html,http://patch.com/virginia/reston/heroin-use-rise-fairfax-county-0
646222,http://hobbes.cs.umass.edu/~ranga/scrap/2015-10-27_646222.html,http://www.theguardian.com/world/2015/oct/27/two-men-arrested-in-tobago-after-of-british-couple
651101,http://hobbes.cs.umass.edu/~ranga/scrap/2015-10-28_651101.html,http://www.kusi.com/story/30372917/one-dead-in-officer-involved-shooting-in-point-loma
650308,http://hobbes.cs.umass.edu/~ranga/scrap/2015-10-28_650308.html,http://www.chron.com/houston/article/Driver-wounded-in-shooting-smashes-into-parked-car-6595145.php
650469,http://hobbes.cs.umass.edu/~ranga/scrap/2015-10-28_650469.html,http://www.lohud.com/story/news/investigations/2015/10/28/teacher-dead-pill-doctor-investigation/73397390/
659509,http://hobbes.cs.umass.edu/~ranga/scrap/2015-10-29_659509.html,http://www.ctvnews.ca/canada/expert-called-to-estimate-distance-between-toronto-cop-teen-during-streetcar-shooting-1.2633488
657160,http://hobbes.cs.umass.edu/~ranga/scrap/2015-10-29_657160.html,http://www.phillyvoice.com/gunman-shoots-three-people-at-indianapolis-mall-po/
661257,http://hobbes.cs.umass.edu/~ranga/scrap/2015-10-29_661257.html,http://www.heraldonline.com/opinion/article41843730.html
666414,http://hobbes.cs.umass.edu/~ranga/scrap/2015-10-30_666414.html,http://wtvr.com/2015/10/30/caroline-i95-shooting/
668831,http://hobbes.cs.umass.edu/~ranga/scrap/2015-10-30_668831.html,http://www.people.com/article/teen-who-went-missing-church-found-dead-crashed-minivan
665371,http://hobbes.cs.umass.edu/~ranga/scrap/2015-10-30_665371.html,http://nypost.com/2015/10/30/which-movie-stars-killed-it-on-broadway-and-which-ones-died-onstage/
674806,http://hobbes.cs.umass.edu/~ranga/scrap/2015-10-31_674806.html,http://timesofindia.indiatimes.com/city/nagpur/Naxals-targeting-SPOs-throw-fresh-challenge-to-police/articleshow/49613156.cms
674986,http://hobbes.cs.umass.edu/~ranga/scrap/2015-10-31_674986.html,http://www.mirror.co.uk/tv/tv-news/cheryl-fernandez-versini-calls-x-6744453
673286,http://hobbes.cs.umass.edu/~ranga/scrap/2015-10-31_673286.html,http://www.keyt.com/news/pornography-suspect-questioned-in-child-abduction/36133274
677127,http://hobbes.cs.umass.edu/~ranga/scrap/2015-11-01_677127.html,http://myfox8.com/2015/11/01/wssu-issues-statement-on-fatal-campus-shooting/
677755,http://hobbes.cs.umass.edu/~ranga/scrap/2015-11-01_677755.html,http://www.nbcchicago.com/news/local/Chicago-Police-Officers-Save-2-Men-From-Burning-Car-339157902.html
677620,http://hobbes.cs.umass.edu/~ranga/scrap/2015-11-01_677620.html,http://www.standardmedia.co.ke/lifestyle/article/2000179801/woman-turns-up-alive-42-years-after-police-believed-she-had-been-murdered-in-1973
683147,http://hobbes.cs.umass.edu/~ranga/scrap/2015-11-02_683147.html,http://hiphopwired.com/2015/11/02/lhhh-struggle-rapper-arrested-for-punching-ex-boyfriend-allegedly/
682103,http://hobbes.cs.umass.edu/~ranga/scrap/2015-11-02_682103.html,http://www.lansingstatejournal.com/story/news/local/capitol/2015/11/02/mike-zimmer-and-jeff-bankowski-push-for-efficient-government/74230798/
683640,http://hobbes.cs.umass.edu/~ranga/scrap/2015-11-02_683640.html,http://www.wdrb.com/story/30410336/lawsuit-accuses-former-metro-corrections-officer-of-sexual-assault-at-courthouse
693999,http://hobbes.cs.umass.edu/~ranga/scrap/2015-11-03_693999.html,http://www.alternet.org/food/kikkoman-conducting-cruel-and-unnecessary-animal-tests
690539,http://hobbes.cs.umass.edu/~ranga/scrap/2015-11-03_690539.html,http://www.newschannel10.com/story/30421418/recent-editorials-from-texas-newspapers
692285,http://hobbes.cs.umass.edu/~ranga/scrap/2015-11-03_692285.html,http://www.alaskapublic.org/2015/11/03/troopers-id-body-found-in-willow-creek/
695473,http://hobbes.cs.umass.edu/~ranga/scrap/2015-11-04_695473.html,http://www.thedailybeast.com/articles/2015/11/04/when-a-self-driving-car-kills-a-cyclist.html
699060,http://hobbes.cs.umass.edu/~ranga/scrap/2015-11-04_699060.html,http://www.fox45now.com/template/inews_wire/wires.national/3f5d7bd4-www.fox45now.com.shtml
700059,http://hobbes.cs.umass.edu/~ranga/scrap/2015-11-04_700059.html,http://www.mankatofreepress.com/news/local_news/mankato-police-investigating-student-death/article_c4d29622-832c-11e5-b2b7-eb79249eb914.html
710671,http://hobbes.cs.umass.edu/~ranga/scrap/2015-11-05_710671.html,http://www.thedailybeast.com/articles/2015/09/10/animal-abusers-starve-secretariat-s-race-horse-heir.html
710984,http://hobbes.cs.umass.edu/~ranga/scrap/2015-11-05_710984.html,http://www.nbc29.com/story/30451633/no-2-baylor-holds-off-pesky-k-state-31-24-to-stay-perfect
706727,http://hobbes.cs.umass.edu/~ranga/scrap/2015-11-05_706727.html,http://gothamist.com/2015/11/05/knife_menacing_f_train.php
713736,http://hobbes.cs.umass.edu/~ranga/scrap/2015-11-06_713736.html,http://www.kvoa.com/story/30441752/detective-hero-cop-sought-hit-man-to-cover-up-thefts
713045,http://hobbes.cs.umass.edu/~ranga/scrap/2015-11-06_713045.html,http://www.theneworleansadvocate.com/news/13764012-171/new-details-emerge-in-killings
717301,http://hobbes.cs.umass.edu/~ranga/scrap/2015-11-06_717301.html,http://abcnews.go.com/US/wireStory/deputy-month-confinement-georgia-jail-death-35017612
721577,http://hobbes.cs.umass.edu/~ranga/scrap/2015-11-07_721577.html,http://www.animenewsnetwork.com/interest/2015-11-07/studio-trigger-animates-extra-for-toy-story-that-time-forgot-home-video-release/.95114
721891,http://hobbes.cs.umass.edu/~ranga/scrap/2015-11-07_721891.html,http://www.poconorecord.com/article/20151105/NEWS/151109734
721258,http://hobbes.cs.umass.edu/~ranga/scrap/2015-11-07_721258.html,http://timesofindia.indiatimes.com/world/us/2-US-officers-arrested-over-death-of-6-year-old-boy/articleshow/49703773.cms
724504,http://hobbes.cs.umass.edu/~ranga/scrap/2015-11-08_724504.html,http://www.haveeru.com.mv/news/63776
724653,http://hobbes.cs.umass.edu/~ranga/scrap/2015-11-08_724653.html,http://q13fox.com/2015/08/23/american-heroes-on-vacation-stop-train-massacre/
723913,http://hobbes.cs.umass.edu/~ranga/scrap/2015-11-08_723913.html,http://www.thv11.com/story/news/2015/11/07/jefferson-co-sheriffs-office-conducts-sex-offender-compliance-checks/75372212/
736228,http://hobbes.cs.umass.edu/~ranga/scrap/2015-11-09_736228.html,http://www.desmoinesregister.com/story/news/local/daniel-finney/2015/11/09/finney-lost-lives-just-one-cost-weekend-killingsbrendan-mcguinness/75477986/
730471,http://hobbes.cs.umass.edu/~ranga/scrap/2015-11-09_730471.html,http://www.commercialappeal.com/news/crime/shy-slain-officer-loved-to-read-wanted-to-be-a-friendly-cop-ep-1214341888-324476351.html
730072,http://hobbes.cs.umass.edu/~ranga/scrap/2015-11-09_730072.html,http://www.sportal.co.nz/article/news/anthony-smith-murder-charge-raiders/yg5wzas2j8ml1h9z00709wmlg
738639,http://hobbes.cs.umass.edu/~ranga/scrap/2015-11-10_738639.html,http://ktla.com/2015/11/10/man-stabbed-to-death-on-bus-in-highland-park-3-sought/
739107,http://hobbes.cs.umass.edu/~ranga/scrap/2015-11-10_739107.html,http://news.nationalpost.com/news/world/israel-middle-east/at-least-five-palestinian-stabbing-attacks-foiled-in-jerusalem-four-assailants-killed
743915,http://hobbes.cs.umass.edu/~ranga/scrap/2015-11-10_743915.html,http://www.couriermail.com.au/news/queensland/queensland-crime-brisbane-soldiers-robin-reid-and-paul-luckman-tortured-and-murdered-schoolboy-at-kingscliff/story-fnihsrf2-1227604628551
744839,http://hobbes.cs.umass.edu/~ranga/scrap/2015-11-11_744839.html,http://www.channelnewsasia.com/news/asiapacific/in-patriarchal-nepal-fir/2250832.html
745964,http://hobbes.cs.umass.edu/~ranga/scrap/2015-11-11_745964.html,http://www.nbcnews.com/storyline/jewish-center-shootings/jewish-site-killings-death-sentence-white-supremacist-frazier-glenn-miller-n461071
745274,http://hobbes.cs.umass.edu/~ranga/scrap/2015-11-11_745274.html,http://www.nytimes.com/2015/11/11/us/wisconsin-no-federal-charges-for-ex-officer-in-mans-death.html
752491,http://hobbes.cs.umass.edu/~ranga/scrap/2015-11-12_752491.html,http://www.fairfieldcitizenonline.com/news/crime/article/Rockets-guard-Beverley-arrested-on-traffic-6625349.php
752608,http://hobbes.cs.umass.edu/~ranga/scrap/2015-11-12_752608.html,http://www.nbcnews.com/news/us-news/jayden-clay-2-dies-after-being-shot-face-georgia-police-n461981
752139,http://hobbes.cs.umass.edu/~ranga/scrap/2015-11-12_752139.html,http://www.irishnews.com/sport/gaafootball/2015/11/12/news/international-rules-321682/
760964,http://hobbes.cs.umass.edu/~ranga/scrap/2015-11-13_760964.html,http://www.wjcl.com/news/local-news/breaking-deputy-shot-in-effingham-county/94495214/privacy-policy
761762,http://hobbes.cs.umass.edu/~ranga/scrap/2015-11-13_761762.html,http://www.cbs19.tv/story/30508365/update-longview-police-identify-shooting-victim
759202,http://hobbes.cs.umass.edu/~ranga/scrap/2015-11-13_759202.html,http://www.app.com/story/news/crime/jersey-mayhem/2015/11/13/officials-set-give-details-fatal-nj-explosion/75705762/
764003,http://hobbes.cs.umass.edu/~ranga/scrap/2015-11-14_764003.html,http://whnt.com/2015/11/13/report-several-dead-in-paris-shootings/
767285,http://hobbes.cs.umass.edu/~ranga/scrap/2015-11-14_767285.html,http://theadvocate.com/news/13982744-65/five-booked-in-broussard-after
768159,http://hobbes.cs.umass.edu/~ranga/scrap/2015-11-14_768159.html,http://www.dailyliberal.com.au/story/3491906/paris-terror-attacks-rolling-coverage/?cs=111
769741,http://hobbes.cs.umass.edu/~ranga/scrap/2015-11-15_769741.html,http://www.wbaltv.com/news/former-baltimore-ravens-player-on-trial-for-animal-cruelty/36441488
770806,http://hobbes.cs.umass.edu/~ranga/scrap/2015-11-15_770806.html,http://www.torontosun.com/2015/10/27/new-yorks-top-cop-condemns-quentin-tarantino
768768,http://hobbes.cs.umass.edu/~ranga/scrap/2015-11-15_768768.html,http://www.fresnobee.com/news/local/crime/article44976978.html
773627,http://hobbes.cs.umass.edu/~ranga/scrap/2015-11-16_773627.html,https://www.newsday.co.zw/2015/11/16/breaking-zanu-pf-killer-kills-self/
774718,http://hobbes.cs.umass.edu/~ranga/scrap/2015-11-16_774718.html,http://www.abc.net.au/news/2015-11-16/man-charged-with-murder-over-townsville-death/6945836
773462,http://hobbes.cs.umass.edu/~ranga/scrap/2015-11-16_773462.html,http://www.cnn.com/2015/11/16/middleeast/beirut-explosions/index.html
777227,http://hobbes.cs.umass.edu/~ranga/scrap/2015-11-17_777227.html,http://www.fayobserver.com/news/crime_courts/hope-mills-homicide-sheriff-s-office-mum-on-search-for/article_fb6785cd-9c7f-5608-b5a8-26684b40ca11.html
783558,http://hobbes.cs.umass.edu/~ranga/scrap/2015-11-17_783558.html,http://www.independentmail.com/news/man-shot-to-death-by-police-officers-in-south-carolina-24c1b148-289d-640e-e053-0100007fd9ea-351092561.html
782827,http://hobbes.cs.umass.edu/~ranga/scrap/2015-11-17_782827.html,http://blogs.wsj.com/privateequity/2015/11/17/the-early-afternoon-leverage-newcomer-soundcore-lands-first-deal/
786675,http://hobbes.cs.umass.edu/~ranga/scrap/2015-11-18_786675.html,http://www.gulf-times.com/region/216/details/463301/two-saudi-police-shot-dead-in-the-kingdom's-east
790140,http://hobbes.cs.umass.edu/~ranga/scrap/2015-11-18_790140.html,http://counton2.com/2015/11/18/charleston-jury-finds-man-guilty-of-2013-murder/
790426,http://hobbes.cs.umass.edu/~ranga/scrap/2015-11-18_790426.html,http://wakeywakeynews.com/16077/sheriff-6-killed-at-texas-campsite-man-charged-with-murder
796790,http://hobbes.cs.umass.edu/~ranga/scrap/2015-11-19_796790.html,http://thesandpaper.villagesoup.com/p/barnegat-police-collecting-toys-on-nov-29/1445273
798682,http://hobbes.cs.umass.edu/~ranga/scrap/2015-11-19_798682.html,http://cbs4indy.com/2015/11/19/police-questioning-persons-of-interest-in-amanda-blackburns-murder/
799320,http://hobbes.cs.umass.edu/~ranga/scrap/2015-11-19_799320.html,http://www.bbc.com/news/uk-33538171
805858,http://hobbes.cs.umass.edu/~ranga/scrap/2015-11-20_805858.html,http://www.usatoday.com/story/news/nation/2015/09/10/lawmakers-fear-islamic-indoctrination-schools/72038416/
801277,http://hobbes.cs.umass.edu/~ranga/scrap/2015-11-20_801277.html,http://www.timesfreepress.com/news/local/story/2015/nov/20/20-year-old-harrismarrested-plotting-kill-fat/336680/
800911,http://hobbes.cs.umass.edu/~ranga/scrap/2015-11-20_800911.html,http://www.news3lv.com/content/news/local/story/Man-dies-after-being-shot-at-East-Sahara/VJuX4n_VZ0-dIBDeyD1ZdQ.cspx
810228,http://hobbes.cs.umass.edu/~ranga/scrap/2015-11-21_810228.html,http://www.fox5ny.com/news/local-news/52784865-story
806235,http://hobbes.cs.umass.edu/~ranga/scrap/2015-11-21_806235.html,http://highschoolsports.nj.com/news/article/656907246979651089/colonia-13-at-phillipsburg-28-njsiaa-tournament-semifinal-round-north-jersey-section-2-group-4-football/
810513,http://hobbes.cs.umass.edu/~ranga/scrap/2015-11-21_810513.html,http://www.usatoday.com/story/sports/ncaaf/2015/11/21/s-utah-beats-n-arizona-earns-big-sky-title-playoff-berth/76199290/
811862,http://hobbes.cs.umass.edu/~ranga/scrap/2015-11-22_811862.html,http://wkrn.com/2015/11/21/police-investigating-fatal-shooting-in-goodlettsville/
811230,http://hobbes.cs.umass.edu/~ranga/scrap/2015-11-22_811230.html,http://cranstononline.com/stories/adams-sentenced-to-life-in-prison-plus-100-years-in-2012-murder,107295
812446,http://hobbes.cs.umass.edu/~ranga/scrap/2015-11-22_812446.html,http://zeenews.india.com/news/india/sheena-murder-case-dad-innocent-will-not-compromise-case-says-rahul-mukerjea_1825028.html
818198,http://hobbes.cs.umass.edu/~ranga/scrap/2015-11-23_818198.html,http://www.dhakatribune.com/crime/2015/nov/24/62-jubo-league-bcl-men-indicted-crb-double-murder-case
817094,http://hobbes.cs.umass.edu/~ranga/scrap/2015-11-23_817094.html,http://www.iol.co.za/news/world/stranded-migrants-shoot-us-or-save-us-1.1949615
815367,http://hobbes.cs.umass.edu/~ranga/scrap/2015-11-23_815367.html,http://www.nola.com/crime/index.ssf/2015/11/at_least_10_victims_of_bunny_f.html
824201,http://hobbes.cs.umass.edu/~ranga/scrap/2015-11-24_824201.html,http://www.itv.com/news/granada/2015-11-24/police-appeal-for-information-after-anfield-road-shooting/
824582,http://hobbes.cs.umass.edu/~ranga/scrap/2015-11-24_824582.html,http://www.dailykos.com/story/2015/11/24/1453870/-Officer-who-killed-Laquan-McDonald-becomes-the-first-Chicago-officer-charged-with-murder-in-decades
823122,http://hobbes.cs.umass.edu/~ranga/scrap/2015-11-24_823122.html,http://www.4029tv.com/news/Memorial-to-be-held-for-Roland-native-killed-in-Iraq/36628518
832634,http://hobbes.cs.umass.edu/~ranga/scrap/2015-11-25_832634.html,http://www.fox10phoenix.com/news/arizona-news/54102320-story
829318,http://hobbes.cs.umass.edu/~ranga/scrap/2015-11-25_829318.html,http://www.dailyherald.com/article/20151106/news/311069970
829891,http://hobbes.cs.umass.edu/~ranga/scrap/2015-11-25_829891.html,http://www.fox2detroit.com/news/local-news/54022921-story
835647,http://hobbes.cs.umass.edu/~ranga/scrap/2015-11-26_835647.html,http://www.news24.com/SouthAfrica/News/night-out-ends-in-tragedy-as-man-dragged-from-uber-beaten-20151126
834431,http://hobbes.cs.umass.edu/~ranga/scrap/2015-11-26_834431.html,http://www.sbnation.com/lookit/2015/11/25/9803392/rajon-rondo-assist-vine-highlights-shot
837924,http://hobbes.cs.umass.edu/~ranga/scrap/2015-11-26_837924.html,http://www.huffingtonpost.com/entry/politically-incorrect-sign-georgia_56576785e4b08e945feb28a9
840010,http://hobbes.cs.umass.edu/~ranga/scrap/2015-11-27_840010.html,http://www.ksl.com/?sid=37519721&nid=148&fm=most_popular&s_cid=popular-5
839480,http://hobbes.cs.umass.edu/~ranga/scrap/2015-11-27_839480.html,http://www.cagesideseats.com/2015/11/26/9805492/at-least-the-panthers-beat-the-cowboys
840563,http://hobbes.cs.umass.edu/~ranga/scrap/2015-11-27_840563.html,http://m.nzherald.co.nz/northern-advocate/news/article.cfm?c_id=1503450&objectid=11552109
846697,http://hobbes.cs.umass.edu/~ranga/scrap/2015-11-28_846697.html,http://www.newsfultoncounty.com/world/news/2819267-update-4-turkish-lawyer-2-police-officers-killed-in-diyarbakir-terror-attack
846071,http://hobbes.cs.umass.edu/~ranga/scrap/2015-11-28_846071.html,http://www.mercurynews.com/crime-courts/ci_29176469/planned-parenthood-shooting-3-killed-including-1-police
845515,http://hobbes.cs.umass.edu/~ranga/scrap/2015-11-28_845515.html,http://www.nydailynews.com/news/world/british-recluse-lived-father-dead-body-months-article-1.2448905
848775,http://hobbes.cs.umass.edu/~ranga/scrap/2015-11-29_848775.html,http://www.abcnews4.com/story/30621205/buckeyes-beat-michigan-42-13-but-lose-spot-in-title-game
849945,http://hobbes.cs.umass.edu/~ranga/scrap/2015-11-29_849945.html,http://www.kpho.com/story/30620007/2-shot-dead-at-south-phoenix-home
849489,http://hobbes.cs.umass.edu/~ranga/scrap/2015-11-29_849489.html,http://metro.co.uk/2015/11/29/mother-arrested-for-murder-after-she-had-a-miscarriage-5532505/
855693,http://hobbes.cs.umass.edu/~ranga/scrap/2015-11-30_855693.html,http://www.worldbulletin.net/todays-news/166858/fresh-sweeps-against-egypts-brotherhood
857549,http://hobbes.cs.umass.edu/~ranga/scrap/2015-11-30_857549.html,http://www.newswest9.com/story/30633202/54-year-old-ruddy-vela-dies-after-receiving-gun-shot-wounds
852603,http://hobbes.cs.umass.edu/~ranga/scrap/2015-11-30_852603.html,http://www.dailyindependent.com/news/ksp-detective-poses-as-teen-girl-in-sting/article_755a8380-971c-11e5-92a4-93be092d1a71.html
ID,URL,LABEL
g10249,http://hobbes.cs.umass.edu/~ranga/scrap/g10249.html,http://www.latimes.com/world/middleeast/la-fg-yemen-blast-20150107-story.html
g4790,http://hobbes.cs.umass.edu/~ranga/scrap/g4790.html,http://www.inquisitr.com/1695005/cop-killings-police-officer-shot-killed-tarpon-springs-florida/
f495,http://hobbes.cs.umass.edu/~ranga/scrap/f495.html,http://www.mysanantonio.com/news/local_news/article/Three-Rivers-police-kill-man-during-scuffle-4445847.php
g9000,http://hobbes.cs.umass.edu/~ranga/scrap/g9000.html,http://www.spyghana.com/ghanas-nsd-participation-compulsory-kofi-boakye/
g2787,http://hobbes.cs.umass.edu/~ranga/scrap/g2787.html,http://www.deathandtaxesmag.com/232645/man-fails-drunk-driving-test-after-telling-police-hes-going-to-kill-them-all/
g12781,http://hobbes.cs.umass.edu/~ranga/scrap/g12781.html,http://zeenews.india.com/news/world/police-kill-six-attackers-in-chinas-xinjiang-govt_1528750.html
g13113,http://hobbes.cs.umass.edu/~ranga/scrap/g13113.html,http://townhall.com/columnists/anncoulter/2015/01/07/dying-for-a-cigarette-in-new-york-n1939997/page/full
g13016,http://hobbes.cs.umass.edu/~ranga/scrap/g13016.html,http://www.nbc15.com/home/headlines/Police-2-car-crash-in-Oconto-Falls-kills-both-drivers-288250751.html
g5464,http://hobbes.cs.umass.edu/~ranga/scrap/g5464.html,http://kfgo.com/news/articles/2014/dec/23/exhausted-sierra-leone-medics-battle-ebola-in-the-red-zone/
g8836,http://hobbes.cs.umass.edu/~ranga/scrap/g8836.html,http://www.nwherald.com/2015/01/03/police-waukegan-man-kills-woman-in-front-of-her-daughter/aove021/
g5621,http://hobbes.cs.umass.edu/~ranga/scrap/g5621.html,http://abcnews.go.com/US/man-killed-police-shooting-ferguson-missouri/story?id=27807891
g12615,http://hobbes.cs.umass.edu/~ranga/scrap/g12615.html,http://www.theadvertiser.com/story/news/local/2015/01/10/new-iberia-man-killed-in-broussard-crash/21548825/
g11776,http://hobbes.cs.umass.edu/~ranga/scrap/g11776.html,http://ksn.com/2015/01/09/police-official-charlie-hebdo-suspects-dead-hostage-freed/
f98,http://hobbes.cs.umass.edu/~ranga/scrap/f98.html,http://boston.cbslocal.com/2013/08/07/boston-police-officer-shot-by-suspect-in-dorchester/
g10468,http://hobbes.cs.umass.edu/~ranga/scrap/g10468.html,http://www.fox8live.com/story/27784375/citizens-battle-over-smoking-ban-at-no-council-meeting
f54,http://hobbes.cs.umass.edu/~ranga/scrap/f54.html,http://pensacolapolice.com/08222012-2/
f384,http://hobbes.cs.umass.edu/~ranga/scrap/f384.html,http://www.sfgate.com/bayarea/article/Family-disputes-Oakland-police-version-of-fatal-2501304.php
g12516,http://hobbes.cs.umass.edu/~ranga/scrap/g12516.html,http://www.independent.co.uk/news/world/europe/paris-attacks-moment-armed-police-storm-kosher-supermarket-shooting-gunman-and-freeing-hostages-9969936.html
f338,http://hobbes.cs.umass.edu/~ranga/scrap/f338.html,http://www.sfgate.com/news/article/Fourth-Oakland-officer-involved-in-Saturday-s-3167588.php
g6519,http://hobbes.cs.umass.edu/~ranga/scrap/g6519.html,http://news.yahoo.com/guyana-police-arrest-man-suspected-killing-3-161116024.html
g13249,http://hobbes.cs.umass.edu/~ranga/scrap/g13249.html,http://fox43.com/2015/01/13/police-protestors-plan-die-in-at-farm-show/
g12434,http://hobbes.cs.umass.edu/~ranga/scrap/g12434.html,http://hobbes.cs.umass.edu/~ranga/scrap/g12434,http://hobbes.cs.umass.edu/~ranga/scrap/g12434.html.html,http://sputniknews.com/europe/20150111/1016754353.html
g6511,http://hobbes.cs.umass.edu/~ranga/scrap/g6511.html,http://hobbes.cs.umass.edu/~ranga/scrap/g6511,http://hobbes.cs.umass.edu/~ranga/scrap/g6511.html.html,http://www.mirror.co.uk/news/billingshurst-double-death-mum-dad-4875740
g1670,http://hobbes.cs.umass.edu/~ranga/scrap/g1670.html,http://www.ohio.com/news/local/barberton-funeral-directors-recruited-to-help-keep-unused-prescription-meds-out-of-wrong-hands-1.549782